{
	"credit": "Made by alumina6767 with Blockbench",
	"texture_size": [32, 32],
	"textures": {
		"1": "item/ojousaba/wristband",
		"particle": "item/ojousaba/wristband"
	},
	"elements": [
		{
			"from": [0, 0, 6],
			"to": [16, 1, 10],
			"faces": {
				"north": {"uv": [6, 8, 14, 8.5], "texture": "#1"},
				"east": {"uv": [8, 9, 10, 9.5], "texture": "#1"},
				"south": {"uv": [8, 7, 16, 7.5], "texture": "#1"},
				"west": {"uv": [8, 9.5, 10, 10], "texture": "#1"},
				"up": {"uv": [8, 2, 0, 0], "texture": "#1"},
				"down": {"uv": [8, 2, 0, 4], "texture": "#1"}
			}
		},
		{
			"from": [0, 15, 6],
			"to": [16, 16, 10],
			"faces": {
				"north": {"uv": [8, 7.5, 16, 8], "texture": "#1"},
				"east": {"uv": [10, 0, 12, 0.5], "texture": "#1"},
				"south": {"uv": [6, 8.5, 14, 9], "texture": "#1"},
				"west": {"uv": [10, 0.5, 12, 1], "texture": "#1"},
				"up": {"uv": [8, 6, 0, 4], "texture": "#1"},
				"down": {"uv": [8, 6, 0, 8], "texture": "#1"}
			}
		},
		{
			"from": [0, 1, 6],
			"to": [1, 15, 10],
			"faces": {
				"north": {"uv": [7, 9, 7.5, 16], "texture": "#1"},
				"east": {"uv": [2, 8, 4, 15], "texture": "#1"},
				"south": {"uv": [7.5, 9, 8, 16], "texture": "#1"},
				"west": {"uv": [4, 8, 6, 15], "texture": "#1"}
			}
		},
		{
			"from": [15, 1, 6],
			"to": [16, 15, 10],
			"faces": {
				"north": {"uv": [6, 9, 6.5, 16], "texture": "#1"},
				"east": {"uv": [0, 8, 2, 15], "texture": "#1"},
				"south": {"uv": [6.5, 9, 7, 16], "texture": "#1"},
				"west": {"uv": [8, 0, 10, 7], "texture": "#1"}
			}
		}
	],
	"display": {
		"thirdperson_righthand": {
			"translation": [0, -2, 1.5],
			"scale": [0.25195, 0.31445, 0.28906]
		},
		"thirdperson_lefthand": {
			"translation": [0, -2, 1.5],
			"scale": [0.25195, 0.31445, 0.28906]
		},
		"firstperson_righthand": {
			"rotation": [30.78, -6.94, -15.58],
			"translation": [0.25, 0, -0.25],
			"scale": [0.42383, 0.42383, 0.42383]
		},
		"firstperson_lefthand": {
			"rotation": [30.75, 3.38, 60.77],
			"translation": [1.5, 0, -0.75],
			"scale": [0.42383, 0.42383, 0.42383]
		},
		"ground": {
			"rotation": [90, 0, 0],
			"scale": [0.42773, 0.42773, 0.42773]
		},
		"gui": {
			"rotation": [30, 45, 0],
			"scale": [0.625, 0.625, 0.625]
		},
		"head": {
			"rotation": [90, 0, -180],
			"translation": [0, -5.75, 0]
		},
		"fixed": {
			"rotation": [90, 0, 131]
		}
	}
}